FileType	fastq	Read submission file type									
sample	study	instrument_model	library_name	library_source	library_selection	library_strategy	library_layout	forward_file_name	forward_file_md5	reverse_file_name	reverse_file_md5
ERS15978790	PRJEB64125	Illumina NovaSeq 6000	C_caer_19180418	GENOMIC	RANDOM	WGA	PAIRED	P24504_1065_S181_L003_R1_001.fastq.gz	f04b559cbf27a789c0aeef1c6e95ab5c	P24504_1065_S181_L003_R2_001.fastq.gz	b53412d34b2a73802a6ad91389ffd43b
ERS15978790	PRJEB64125	Illumina NovaSeq 6000	C_caer_19180418	GENOMIC	RANDOM	WGA	PAIRED	P24504_1073_S189_L003_R1_001.fastq.gz	ae8492747836cb0533e0e38b0952accd	P24504_1073_S189_L003_R2_001.fastq.gz	3f69981004f065097a95a34afcd47c22
ERS15978790	PRJEB64125	Illumina NovaSeq 6000	C_caer_19180418	GENOMIC	RANDOM	WGA	PAIRED	P24504_1081_S197_L003_R1_001.fastq.gz	8ebb97d2cb278cc1c5e9350b2d3a2334	P24504_1081_S197_L003_R2_001.fastq.gz	bfa12826691ac1934adf11f96c11fa94
ERS15978790	PRJEB64125	Illumina NovaSeq 6000	C_caer_19180418	GENOMIC	RANDOM	WGA	PAIRED	P24504_1089_S205_L003_R1_001.fastq.gz	e4664fa2a02770026ea9fe728a60906b	P24504_1089_S205_L003_R2_001.fastq.gz	b2bc42202a5d961599d66701317b0d24
ERS15978791	PRJEB64125	Illumina NovaSeq 6000	C_caer_19170110	GENOMIC	RANDOM	WGA	PAIRED	P24504_1064_S180_L003_R1_001.fastq.gz	b8b25574112c7a031a770a82eda1cacf	P24504_1064_S180_L003_R2_001.fastq.gz	523b6f09f06e55289ec08acae5c69721
ERS15978791	PRJEB64125	Illumina NovaSeq 6000	C_caer_19170110	GENOMIC	RANDOM	WGA	PAIRED	P24504_1072_S188_L003_R1_001.fastq.gz	2cbf1d2f6a03ced76e7af2d1edbca9e3	P24504_1072_S188_L003_R2_001.fastq.gz	042c9bb3c42a79165758473bb7e74923
ERS15978791	PRJEB64125	Illumina NovaSeq 6000	C_caer_19170110	GENOMIC	RANDOM	WGA	PAIRED	P24504_1080_S196_L003_R1_001.fastq.gz	f68ad32fea67f60ecbc4d31897e4a1f3	P24504_1080_S196_L003_R2_001.fastq.gz	6c20fc75bd9fc81566ffa83a18d1a7c4
ERS15978791	PRJEB64125	Illumina NovaSeq 6000	C_caer_19170110	GENOMIC	RANDOM	WGA	PAIRED	P24504_1088_S204_L003_R1_001.fastq.gz	d1172f693e51609dafe4a388bd4b9b8c	P24504_1088_S204_L003_R2_001.fastq.gz	2f030da6c9b4bdd4635f8b60fc200aa4
ERS15978792	PRJEB64125	Illumina NovaSeq 6000	C_caer_NRM926041	GENOMIC	RANDOM	WGA	PAIRED	P24504_1063_S179_L003_R1_001.fastq.gz	9cc4f710234de3029e77c6316e27c4ff	P24504_1063_S179_L003_R2_001.fastq.gz	bd88d2d352b43adaea24ee6bff4a7df2
ERS15978792	PRJEB64125	Illumina NovaSeq 6000	C_caer_NRM926041	GENOMIC	RANDOM	WGA	PAIRED	P24504_1071_S187_L003_R1_001.fastq.gz	3fdf65140e642072a663a7aba0ba2f06	P24504_1071_S187_L003_R2_001.fastq.gz	e91624f5fead23f84f01dddada198afc
ERS15978792	PRJEB64125	Illumina NovaSeq 6000	C_caer_NRM926041	GENOMIC	RANDOM	WGA	PAIRED	P24504_1079_S195_L003_R1_001.fastq.gz	d4a995e92afa41f6c94f6570e53cd18a	P24504_1079_S195_L003_R2_001.fastq.gz	a02c2a999b3075cf2a8bd0f749af2d7a
ERS15978792	PRJEB64125	Illumina NovaSeq 6000	C_caer_NRM926041	GENOMIC	RANDOM	WGA	PAIRED	P24504_1087_S203_L003_R1_001.fastq.gz	1ed43a19ad5a497f70f8602d61abfa25	P24504_1087_S203_L003_R2_001.fastq.gz	058b34d932cac46fd778cc0d1e1213ff
ERS15978793	PRJEB64125	Illumina NovaSeq 6000	C_caer_NRM20016624	GENOMIC	RANDOM	WGA	PAIRED	P13715_105_S8_L001_R1_001.fastq.gz	70fedfd12cea208de443e7088919ed5a	P13715_105_S8_L001_R2_001.fastq.gz	a15ba676c6f6beec9ea63e81e65ee7fb
ERS15978794	PRJEB64125	Illumina NovaSeq 6000	C_caer_NRM20126772	GENOMIC	RANDOM	WGA	PAIRED	P13715_106_S9_L001_R1_001.fastq.gz	dbdd3028cad1f1f4b645456fc1a32712	P13715_106_S9_L001_R2_001.fastq.gz	5b80070569ec485f58ffb3712d09e7f7
ERS15978795	PRJEB64125	Illumina NovaSeq 6000	C_caer_NRM956185	GENOMIC	RANDOM	WGA	PAIRED	P13715_104_S7_L001_R1_001.fastq.gz	36bc18c3858aee645d59569369b07bc4	P13715_104_S7_L001_R2_001.fastq.gz	1ce457eef85838aae6485b03dcb80cf4
ERS15978796	PRJEB64125	Illumina NovaSeq 6000	C_caer_UWBM56695	GENOMIC	RANDOM	WGA	PAIRED	P15067_107_S76_L001_R1_001.fastq.gz	4e200f44f86c266b59074d79af0081bf	P15067_107_S76_L001_R2_001.fastq.gz	964216d09371a5d0288feafb0e8730a2
ERS15978797	PRJEB64125	Illumina NovaSeq 6000	C_caer_UWBM74196	GENOMIC	RANDOM	WGA	PAIRED	P15067_109_S78_L001_R1_001.fastq.gz	41d183c8e6a5daf0de8b63605b85ca5b	P15067_109_S78_L001_R2_001.fastq.gz	8a33d15ddc0bef1d1ee4722498cdef72
ERS15978798	PRJEB64125	Illumina NovaSeq 6000	C_caer_UWBM83447	GENOMIC	RANDOM	WGA	PAIRED	P15067_108_S77_L001_R1_001.fastq.gz	13ac31389dcfcec50d41b00791130140	P15067_108_S77_L001_R2_001.fastq.gz	c225dfd04012a3a6e7be892bf9a30474
ERS15978799	PRJEB64125	Illumina NovaSeq 6000	C_caer_X_cyan_BMNH_1898.9.20.37	GENOMIC	RANDOM	WGA	PAIRED	P19256_1032_S216_L003_R1_001.fastq.gz	8e7534b840dec2a0d8abb1b8b5eff397	P19256_1032_S216_L003_R2_001.fastq.gz	386835322f705c9aa4f69dfca15e6b2f
ERS15978799	PRJEB64125	Illumina NovaSeq 6000	C_caer_X_cyan_BMNH_1898.9.20.37	GENOMIC	RANDOM	WGA	PAIRED	P19256_1040_S224_L003_R1_001.fastq.gz	78fd153c80c5c94401a6496b83fa0367	P19256_1040_S224_L003_R2_001.fastq.gz	e1a590911c33ccf3d7dbca0541fc6071
ERS15978799	PRJEB64125	Illumina NovaSeq 6000	C_caer_X_cyan_BMNH_1898.9.20.37	GENOMIC	RANDOM	WGA	PAIRED	P19256_1048_S232_L003_R1_001.fastq.gz	c98ca4748b00b90c77caf38dd3d969b8	P19256_1048_S232_L003_R2_001.fastq.gz	fdc08db046496746b0fee06b1b9785f2
ERS15978799	PRJEB64125	Illumina NovaSeq 6000	C_caer_X_cyan_BMNH_1898.9.20.37	GENOMIC	RANDOM	WGA	PAIRED	P19256_1056_S240_L003_R1_001.fastq.gz	2e8c0a178168239e40099d96c74f68c2	P19256_1056_S240_L003_R2_001.fastq.gz	4a3b5b1f8dcf905dd8ac33c83e53f932
ERS15978800	PRJEB64125	Illumina NovaSeq 6000	C_caer_X_cyan_BMNH_1901.5.4.236	GENOMIC	RANDOM	WGA	PAIRED	P19256_1030_S214_L003_R1_001.fastq.gz	d5c2428be5737af0cc3011328b28e779	P19256_1030_S214_L003_R2_001.fastq.gz	ed2ca3f4339fc04b6dded9cf676e26b2
ERS15978800	PRJEB64125	Illumina NovaSeq 6000	C_caer_X_cyan_BMNH_1901.5.4.236	GENOMIC	RANDOM	WGA	PAIRED	P19256_1038_S222_L003_R1_001.fastq.gz	f978976aed418da1ab8bd082f7d5a302	P19256_1038_S222_L003_R2_001.fastq.gz	858dae38cca89b244feb79532c9a08ca
ERS15978800	PRJEB64125	Illumina NovaSeq 6000	C_caer_X_cyan_BMNH_1901.5.4.236	GENOMIC	RANDOM	WGA	PAIRED	P19256_1046_S230_L003_R1_001.fastq.gz	f87c98410acd3cd517da276142e5c3a0	P19256_1046_S230_L003_R2_001.fastq.gz	31ef0aed619ebc8d577acf73e95682cd
ERS15978800	PRJEB64125	Illumina NovaSeq 6000	C_caer_X_cyan_BMNH_1901.5.4.236	GENOMIC	RANDOM	WGA	PAIRED	P19256_1054_S238_L003_R1_001.fastq.gz	fe15c124e952d39ee044f552f245276d	P19256_1054_S238_L003_R2_001.fastq.gz	0e1a5c52d813853e8b1fb3662f07b57b
ERS15978801	PRJEB64125	Illumina NovaSeq 6000	C_caer_X_cyan_BMNH_1901.5.4.298	GENOMIC	RANDOM	WGA	PAIRED	P19256_1029_S213_L003_R1_001.fastq.gz	aacbdab9ecb5036033d15505e8ef5997	P19256_1029_S213_L003_R2_001.fastq.gz	8109b46c91416f6c571224837aeb2a73
ERS15978801	PRJEB64125	Illumina NovaSeq 6000	C_caer_X_cyan_BMNH_1901.5.4.298	GENOMIC	RANDOM	WGA	PAIRED	P19256_1037_S221_L003_R1_001.fastq.gz	9f0da7762c5fd96f3abe0c20cff28cfc	P19256_1037_S221_L003_R2_001.fastq.gz	415c7091ee05c8cf894f7d1df2387089
ERS15978801	PRJEB64125	Illumina NovaSeq 6000	C_caer_X_cyan_BMNH_1901.5.4.298	GENOMIC	RANDOM	WGA	PAIRED	P19256_1045_S229_L003_R1_001.fastq.gz	e527b295a86d620b383a358bef00a92c	P19256_1045_S229_L003_R2_001.fastq.gz	3b55cad84fe28a7f8ef2e37068f58c1c
ERS15978801	PRJEB64125	Illumina NovaSeq 6000	C_caer_X_cyan_BMNH_1901.5.4.298	GENOMIC	RANDOM	WGA	PAIRED	P19256_1053_S237_L003_R1_001.fastq.gz	e2928d146c8c5337c8dc3781d40dd226	P19256_1053_S237_L003_R2_001.fastq.gz	90d35f3d0d9489b7760647092d63a81a
ERS15978802	PRJEB64125	Illumina NovaSeq 6000	C_caer_X_cyan_BMNH_1901.5.4.300	GENOMIC	RANDOM	WGA	PAIRED	P19256_1028_S212_L003_R1_001.fastq.gz	77dca820a9cc47bf193f36eb9303b365	P19256_1028_S212_L003_R2_001.fastq.gz	cd4c2ac79ebc7d4eb33c6c9dc243dce4
ERS15978802	PRJEB64125	Illumina NovaSeq 6000	C_caer_X_cyan_BMNH_1901.5.4.300	GENOMIC	RANDOM	WGA	PAIRED	P19256_1036_S220_L003_R1_001.fastq.gz	ec2f525c09ee565273dc1dfa17c6cf7c	P19256_1036_S220_L003_R2_001.fastq.gz	799fac8021b86c2374b211cb7260c866
ERS15978802	PRJEB64125	Illumina NovaSeq 6000	C_caer_X_cyan_BMNH_1901.5.4.300	GENOMIC	RANDOM	WGA	PAIRED	P19256_1044_S228_L003_R1_001.fastq.gz	94c21413938f74d3fbdbee37ed4aab43	P19256_1044_S228_L003_R2_001.fastq.gz	39f5b3dfa05f2203be6201f30edfec72
ERS15978802	PRJEB64125	Illumina NovaSeq 6000	C_caer_X_cyan_BMNH_1901.5.4.300	GENOMIC	RANDOM	WGA	PAIRED	P19256_1052_S236_L003_R1_001.fastq.gz	5cb9ba3964f8cd760573930957eada89	P19256_1052_S236_L003_R2_001.fastq.gz	56ff9e88e3cb9abd13f3e7c5defd5d8a
ERS15978803	PRJEB64125	Illumina NovaSeq 6000	C_caer_X_cyan_BMNH_1901.5.4.302	GENOMIC	RANDOM	WGA	PAIRED	P19256_1001_S185_L003_R1_001.fastq.gz	2014824975db96510907fc342a2c7549	P19256_1001_S185_L003_R2_001.fastq.gz	16c44439238a447f72fb492cc49abc30
ERS15978803	PRJEB64125	Illumina NovaSeq 6000	C_caer_X_cyan_BMNH_1901.5.4.302	GENOMIC	RANDOM	WGA	PAIRED	P19256_1007_S191_L003_R1_001.fastq.gz	f89972b84132284ae6082cc66badb418	P19256_1007_S191_L003_R2_001.fastq.gz	4a0cf9858ce2b72cdcac62727ed7e3cd
ERS15978803	PRJEB64125	Illumina NovaSeq 6000	C_caer_X_cyan_BMNH_1901.5.4.302	GENOMIC	RANDOM	WGA	PAIRED	P19256_1013_S197_L003_R1_001.fastq.gz	81215d2d87cc3b2c3f398e5340ff64fe	P19256_1013_S197_L003_R2_001.fastq.gz	7ee1ec4de8fa0c26ca33e17c0d6577b8
ERS15978803	PRJEB64125	Illumina NovaSeq 6000	C_caer_X_cyan_BMNH_1901.5.4.302	GENOMIC	RANDOM	WGA	PAIRED	P19256_1019_S203_L003_R1_001.fastq.gz	60ac7aa1dfcdc2a828ad1c3df1cd1dd4	P19256_1019_S203_L003_R2_001.fastq.gz	b654cd62665888411094b5d131444c31
ERS15978804	PRJEB64125	Illumina NovaSeq 6000	C_caer_X_cyan_BMNH_1901.5.4.303	GENOMIC	RANDOM	WGA	PAIRED	P20416_1030_S102_L004_R1_001.fastq.gz	ba7f622e48759fc1bf1ce08cc3221ef4	P20416_1030_S102_L004_R2_001.fastq.gz	8c8bcd846a5258b064d0d9029808511a
ERS15978804	PRJEB64125	Illumina NovaSeq 6000	C_caer_X_cyan_BMNH_1901.5.4.303	GENOMIC	RANDOM	WGA	PAIRED	P20416_1037_S109_L004_R1_001.fastq.gz	a79501083603534a4d56737d8f954cae	P20416_1037_S109_L004_R2_001.fastq.gz	7e31d988f0e1c63181c6cf0a60b782cf
ERS15978804	PRJEB64125	Illumina NovaSeq 6000	C_caer_X_cyan_BMNH_1901.5.4.303	GENOMIC	RANDOM	WGA	PAIRED	P20416_1044_S116_L004_R1_001.fastq.gz	9e06914cb7e93667aef4266e3ee763c9	P20416_1044_S116_L004_R2_001.fastq.gz	6325ae570e0e7b681b13f343285ab939
ERS15978804	PRJEB64125	Illumina NovaSeq 6000	C_caer_X_cyan_BMNH_1901.5.4.303	GENOMIC	RANDOM	WGA	PAIRED	P20416_1051_S123_L004_R1_001.fastq.gz	5dccaa5bbc3a0e77fc07de8de29b5839	P20416_1051_S123_L004_R2_001.fastq.gz	0819b6864e8a4bd792bec24ca3670dc2
ERS15978805	PRJEB64125	Illumina NovaSeq 6000	C_caer_X_cyan_BMNH_1901.5.4.304	GENOMIC	RANDOM	WGA	PAIRED	P19256_1004_S188_L003_R1_001.fastq.gz	e08ab25c26b1e9568f3983dc733329d1	P19256_1004_S188_L003_R2_001.fastq.gz	4eda89d68d01974d3ccf2fd1df32bb5d
ERS15978805	PRJEB64125	Illumina NovaSeq 6000	C_caer_X_cyan_BMNH_1901.5.4.304	GENOMIC	RANDOM	WGA	PAIRED	P19256_1010_S194_L003_R1_001.fastq.gz	9880e1d7abe70c6c12a3eb96384d52c0	P19256_1010_S194_L003_R2_001.fastq.gz	5eab592bc2e899f75494a5690dc8072b
ERS15978805	PRJEB64125	Illumina NovaSeq 6000	C_caer_X_cyan_BMNH_1901.5.4.304	GENOMIC	RANDOM	WGA	PAIRED	P19256_1016_S200_L003_R1_001.fastq.gz	b01d36dcf6576770ab08fd63509e422d	P19256_1016_S200_L003_R2_001.fastq.gz	cf44f6c628ca374ef340cc1e12daa743
ERS15978805	PRJEB64125	Illumina NovaSeq 6000	C_caer_X_cyan_BMNH_1901.5.4.304	GENOMIC	RANDOM	WGA	PAIRED	P19256_1022_S206_L003_R1_001.fastq.gz	ae344fecaae7a39e2d1fe00a2d3f86d1	P19256_1022_S206_L003_R2_001.fastq.gz	378f33fe7819d8df726250f79cd524ef
ERS15978806	PRJEB64125	Illumina NovaSeq 6000	C_caer_X_cyan_BMNH_1901.5.4.305	GENOMIC	RANDOM	WGA	PAIRED	P19256_1003_S187_L003_R1_001.fastq.gz	cd56729b0c72589968554f0cbbfae1f5	P19256_1003_S187_L003_R2_001.fastq.gz	f1463fdfd57d0ad74983d0843504523e
ERS15978806	PRJEB64125	Illumina NovaSeq 6000	C_caer_X_cyan_BMNH_1901.5.4.305	GENOMIC	RANDOM	WGA	PAIRED	P19256_1009_S193_L003_R1_001.fastq.gz	ea8df9256fb9c679e3c734f235aa220e	P19256_1009_S193_L003_R2_001.fastq.gz	4b25ab4a99841f777a85c13244441e00
ERS15978806	PRJEB64125	Illumina NovaSeq 6000	C_caer_X_cyan_BMNH_1901.5.4.305	GENOMIC	RANDOM	WGA	PAIRED	P19256_1015_S199_L003_R1_001.fastq.gz	ba07af9fda49a1e26be494d322c7855f	P19256_1015_S199_L003_R2_001.fastq.gz	fc9add51b02b389db0f54ca6600bc402
ERS15978806	PRJEB64125	Illumina NovaSeq 6000	C_caer_X_cyan_BMNH_1901.5.4.305	GENOMIC	RANDOM	WGA	PAIRED	P19256_1021_S205_L003_R1_001.fastq.gz	3e2e22ceacd94c7aa002d292789c1d3a	P19256_1021_S205_L003_R2_001.fastq.gz	9931e1cfec59875e73f61a874a3afeb9
ERS15978807	PRJEB64125	Illumina NovaSeq 6000	C_caer_X_cyan_BMNH_1901.5.4.306	GENOMIC	RANDOM	WGA	PAIRED	P19256_1005_S189_L003_R1_001.fastq.gz	62b34c91785a4f676a68cd53524d6942	P19256_1005_S189_L003_R2_001.fastq.gz	61a7b22343ae1dc5255fef800cc8fa51
ERS15978807	PRJEB64125	Illumina NovaSeq 6000	C_caer_X_cyan_BMNH_1901.5.4.306	GENOMIC	RANDOM	WGA	PAIRED	P19256_1011_S195_L003_R1_001.fastq.gz	932c494294a3be1d6c6e69b86c21631b	P19256_1011_S195_L003_R2_001.fastq.gz	ec8119e6bb832bf91d667a1dc41b3256
ERS15978807	PRJEB64125	Illumina NovaSeq 6000	C_caer_X_cyan_BMNH_1901.5.4.306	GENOMIC	RANDOM	WGA	PAIRED	P19256_1017_S201_L003_R1_001.fastq.gz	528c3807336e0d2908ee1ff4379793a2	P19256_1017_S201_L003_R2_001.fastq.gz	18d46219bea35b50ebec3209738662f4
ERS15978807	PRJEB64125	Illumina NovaSeq 6000	C_caer_X_cyan_BMNH_1901.5.4.306	GENOMIC	RANDOM	WGA	PAIRED	P19256_1023_S207_L003_R1_001.fastq.gz	69dfbb1f71d6f1a399ff8d17cd5f7490	P19256_1023_S207_L003_R2_001.fastq.gz	474706406fc7030ea6d9206898e5bf4e
ERS15978808	PRJEB64125	Illumina NovaSeq 6000	C_caer_X_cyan_BMNH_1901.5.4.308	GENOMIC	RANDOM	WGA	PAIRED	P19256_1006_S190_L003_R1_001.fastq.gz	25b3e1b6e73cbe2f67a5ad3d3232b069	P19256_1006_S190_L003_R2_001.fastq.gz	c434709258095a24f466421a59afc83b
ERS15978808	PRJEB64125	Illumina NovaSeq 6000	C_caer_X_cyan_BMNH_1901.5.4.308	GENOMIC	RANDOM	WGA	PAIRED	P19256_1012_S196_L003_R1_001.fastq.gz	480d3fd24d13a1279455695745e49b70	P19256_1012_S196_L003_R2_001.fastq.gz	f0444f625afb7fe7802040dd7b7e0464
ERS15978808	PRJEB64125	Illumina NovaSeq 6000	C_caer_X_cyan_BMNH_1901.5.4.308	GENOMIC	RANDOM	WGA	PAIRED	P19256_1018_S202_L003_R1_001.fastq.gz	75c8ae9b83196efa71ce99fb30f5c15c	P19256_1018_S202_L003_R2_001.fastq.gz	ca6a4b1fa6cf3f77d475e95650d7936f
ERS15978808	PRJEB64125	Illumina NovaSeq 6000	C_caer_X_cyan_BMNH_1901.5.4.308	GENOMIC	RANDOM	WGA	PAIRED	P19256_1024_S208_L003_R1_001.fastq.gz	668341754af4b6d815afd8cace2330c4	P19256_1024_S208_L003_R2_001.fastq.gz	e0ec973a0485afc0df51529444cece67
ERS15978809	PRJEB64125	Illumina NovaSeq 6000	C_caer_X_cyan_BMNH_1901.5.4.309	GENOMIC	RANDOM	WGA	PAIRED	P19256_1026_S210_L003_R1_001.fastq.gz	5cab06cb465108d59afa3400fdfbf786	P19256_1026_S210_L003_R2_001.fastq.gz	feb1e3f90bf370243653a90e3cb5f1a2
ERS15978809	PRJEB64125	Illumina NovaSeq 6000	C_caer_X_cyan_BMNH_1901.5.4.309	GENOMIC	RANDOM	WGA	PAIRED	P19256_1034_S218_L003_R1_001.fastq.gz	609b664698d514cfec695007b33a7803	P19256_1034_S218_L003_R2_001.fastq.gz	921b794e6cc969801a706e8b061f0895
ERS15978809	PRJEB64125	Illumina NovaSeq 6000	C_caer_X_cyan_BMNH_1901.5.4.309	GENOMIC	RANDOM	WGA	PAIRED	P19256_1042_S226_L003_R1_001.fastq.gz	fcdcee680bc8cbbdc3f22580da0d22f4	P19256_1042_S226_L003_R2_001.fastq.gz	0e9fdfdaac39c2e989acb54a62b8a9b5
ERS15978809	PRJEB64125	Illumina NovaSeq 6000	C_caer_X_cyan_BMNH_1901.5.4.309	GENOMIC	RANDOM	WGA	PAIRED	P19256_1050_S234_L003_R1_001.fastq.gz	14adca82eb34ffeab8436c7059a0fa17	P19256_1050_S234_L003_R2_001.fastq.gz	da12b25f8b65ff8f56d26ccd699bda7e
ERS15978810	PRJEB64125	Illumina NovaSeq 6000	C_caer_X_cyan_BMNH_1901.5.4.310	GENOMIC	RANDOM	WGA	PAIRED	P19256_1002_S186_L003_R1_001.fastq.gz	3ae31a7d86720384acb476d0cc07d072	P19256_1002_S186_L003_R2_001.fastq.gz	d4132886d6988043265a2406e96b63c4
ERS15978810	PRJEB64125	Illumina NovaSeq 6000	C_caer_X_cyan_BMNH_1901.5.4.310	GENOMIC	RANDOM	WGA	PAIRED	P19256_1008_S192_L003_R1_001.fastq.gz	1f933088ba9ad9148f9fd6a9b6a6e15b	P19256_1008_S192_L003_R2_001.fastq.gz	1d7ff291d43c53d3d9706ff6b3ad0a2a
ERS15978810	PRJEB64125	Illumina NovaSeq 6000	C_caer_X_cyan_BMNH_1901.5.4.310	GENOMIC	RANDOM	WGA	PAIRED	P19256_1014_S198_L003_R1_001.fastq.gz	264a46d158b043c9bf1e0447d84de4ad	P19256_1014_S198_L003_R2_001.fastq.gz	85a6c86f0ab1721a92b4ca4e2b6d42f9
ERS15978810	PRJEB64125	Illumina NovaSeq 6000	C_caer_X_cyan_BMNH_1901.5.4.310	GENOMIC	RANDOM	WGA	PAIRED	P19256_1020_S204_L003_R1_001.fastq.gz	e09d5231d669fa8826b4b0878d5ac757	P19256_1020_S204_L003_R2_001.fastq.gz	9b2a4abae7820fd96f02c56ce843fc72
ERS15978811	PRJEB64125	Illumina NovaSeq 6000	C_caer_X_cyan_BMNH_1901.5.4.316	GENOMIC	RANDOM	WGA	PAIRED	P19256_1027_S211_L003_R1_001.fastq.gz	51d33bcabef7a6755fd8a0657ec09df0	P19256_1027_S211_L003_R2_001.fastq.gz	5ff7cec7e3f0fecd3be7590cd52b0e86
ERS15978811	PRJEB64125	Illumina NovaSeq 6000	C_caer_X_cyan_BMNH_1901.5.4.316	GENOMIC	RANDOM	WGA	PAIRED	P19256_1035_S219_L003_R1_001.fastq.gz	10f8ed2c36e5bbe8fbdc086cecbf9575	P19256_1035_S219_L003_R2_001.fastq.gz	bfe7775321ec6baf3601171354f40fcc
ERS15978811	PRJEB64125	Illumina NovaSeq 6000	C_caer_X_cyan_BMNH_1901.5.4.316	GENOMIC	RANDOM	WGA	PAIRED	P19256_1043_S227_L003_R1_001.fastq.gz	5964bc7fecc5a6c152473e8dbf7a3b4d	P19256_1043_S227_L003_R2_001.fastq.gz	82e41936ae801a566c9a66a52db7f2b0
ERS15978811	PRJEB64125	Illumina NovaSeq 6000	C_caer_X_cyan_BMNH_1901.5.4.316	GENOMIC	RANDOM	WGA	PAIRED	P19256_1051_S235_L003_R1_001.fastq.gz	50577ddbff4f8cbd2f766dcc49f85595	P19256_1051_S235_L003_R2_001.fastq.gz	90c55849e2c3d5942c77952734849b96
ERS15978812	PRJEB64125	Illumina NovaSeq 6000	C_caer_X_cyan_BMNH_1901.5.4.317	GENOMIC	RANDOM	WGA	PAIRED	P19256_1025_S209_L003_R1_001.fastq.gz	9f12f25b127a46e28408426c22f10307	P19256_1025_S209_L003_R2_001.fastq.gz	0fbbbd66cab57baeb8ef857bd47c92ea
ERS15978812	PRJEB64125	Illumina NovaSeq 6000	C_caer_X_cyan_BMNH_1901.5.4.317	GENOMIC	RANDOM	WGA	PAIRED	P19256_1033_S217_L003_R1_001.fastq.gz	2377f95d4a6467548c54a2c1cf0e4eec	P19256_1033_S217_L003_R2_001.fastq.gz	effd0484aa3346915d5e5adbc6a9f7bc
ERS15978812	PRJEB64125	Illumina NovaSeq 6000	C_caer_X_cyan_BMNH_1901.5.4.317	GENOMIC	RANDOM	WGA	PAIRED	P19256_1041_S225_L003_R1_001.fastq.gz	3b77bea1e1f469b39232b98b4a49f2d1	P19256_1041_S225_L003_R2_001.fastq.gz	94a3d931aff43d23cb0d490c4d9abdcf
ERS15978812	PRJEB64125	Illumina NovaSeq 6000	C_caer_X_cyan_BMNH_1901.5.4.317	GENOMIC	RANDOM	WGA	PAIRED	P19256_1049_S233_L003_R1_001.fastq.gz	9badfefce3c3c37d0383793fda5113fc	P19256_1049_S233_L003_R2_001.fastq.gz	9f4063877b8c3fdb7cead7e45a57b9d5
ERS15978813	PRJEB64125	Illumina NovaSeq 6000	C_caer_X_cyan_BMNH_1901.5.4.349	GENOMIC	RANDOM	WGA	PAIRED	P20416_1001_S73_L004_R1_001.fastq.gz	004686d25f70397aab70a06a49a3a7c7	P20416_1001_S73_L004_R2_001.fastq.gz	98b5bcc44e0031319807e9fc7daf3110
ERS15978813	PRJEB64125	Illumina NovaSeq 6000	C_caer_X_cyan_BMNH_1901.5.4.349	GENOMIC	RANDOM	WGA	PAIRED	P20416_1008_S80_L004_R1_001.fastq.gz	36c2ece6af978a1f45df633e0ff0c4df	P20416_1008_S80_L004_R2_001.fastq.gz	0371fd5c63b2e3c68b5cca6e09640d64
ERS15978813	PRJEB64125	Illumina NovaSeq 6000	C_caer_X_cyan_BMNH_1901.5.4.349	GENOMIC	RANDOM	WGA	PAIRED	P20416_1015_S87_L004_R1_001.fastq.gz	d570cc5cd7d00792c8f213d8ccd7a9b3	P20416_1015_S87_L004_R2_001.fastq.gz	9796be56aa6c76dbb30cc16df9b24508
ERS15978813	PRJEB64125	Illumina NovaSeq 6000	C_caer_X_cyan_BMNH_1901.5.4.349	GENOMIC	RANDOM	WGA	PAIRED	P20416_1022_S94_L004_R1_001.fastq.gz	755766deedba964ab5827822e7a63a6f	P20416_1022_S94_L004_R2_001.fastq.gz	eae8ca593a822d0ffbc1b659be392c63
ERS15978814	PRJEB64125	Illumina NovaSeq 6000	C_caer_X_cyan_BMNH_1965.M.15606	GENOMIC	RANDOM	WGA	PAIRED	P19256_1031_S215_L003_R1_001.fastq.gz	d476400518d37e16ccbb3aedc60c6b7b	P19256_1031_S215_L003_R2_001.fastq.gz	fdba3443f10dbb25127f73e73bcb9dfc
ERS15978814	PRJEB64125	Illumina NovaSeq 6000	C_caer_X_cyan_BMNH_1965.M.15606	GENOMIC	RANDOM	WGA	PAIRED	P19256_1039_S223_L003_R1_001.fastq.gz	aa8c66568188c4013f0a073770bd8574	P19256_1039_S223_L003_R2_001.fastq.gz	16997a01324513942d155f867e518352
ERS15978814	PRJEB64125	Illumina NovaSeq 6000	C_caer_X_cyan_BMNH_1965.M.15606	GENOMIC	RANDOM	WGA	PAIRED	P19256_1047_S231_L003_R1_001.fastq.gz	6496f5e7b50adb1db3b7d592c44f18b9	P19256_1047_S231_L003_R2_001.fastq.gz	588a6f5b2d4b5a7f31b8fea0c8849f21
ERS15978814	PRJEB64125	Illumina NovaSeq 6000	C_caer_X_cyan_BMNH_1965.M.15606	GENOMIC	RANDOM	WGA	PAIRED	P19256_1055_S239_L003_R1_001.fastq.gz	68b0364a422833bbff13efe261f4ac1c	P19256_1055_S239_L003_R2_001.fastq.gz	5c0b7fcc385b5b6167bb5d91f49acd50
ERS15978815	PRJEB64125	Illumina NovaSeq 6000	C_caer_X_cyan_R126337	GENOMIC	RANDOM	WGA	PAIRED	P20416_1005_S77_L004_R1_001.fastq.gz	868753f5845e758adddc05a2ba991dbb	P20416_1005_S77_L004_R2_001.fastq.gz	44f296825e4c7fe3ca224f71db477f6f
ERS15978815	PRJEB64125	Illumina NovaSeq 6000	C_caer_X_cyan_R126337	GENOMIC	RANDOM	WGA	PAIRED	P20416_1012_S84_L004_R1_001.fastq.gz	26b6bac74d42d5a9f64fde953046077a	P20416_1012_S84_L004_R2_001.fastq.gz	035c339bf24c6684a91f947eef788780
ERS15978815	PRJEB64125	Illumina NovaSeq 6000	C_caer_X_cyan_R126337	GENOMIC	RANDOM	WGA	PAIRED	P20416_1019_S91_L004_R1_001.fastq.gz	1e1eb2dc6b04263edd9bd955ce60a018	P20416_1019_S91_L004_R2_001.fastq.gz	183d552d0958c11039dfb3d2009d7c69
ERS15978815	PRJEB64125	Illumina NovaSeq 6000	C_caer_X_cyan_R126337	GENOMIC	RANDOM	WGA	PAIRED	P20416_1026_S98_L004_R1_001.fastq.gz	408d5cfafafd19489392dbcf22ba7666	P20416_1026_S98_L004_R2_001.fastq.gz	38c4ec604fec9107387a15f5e78f6681
ERS15978816	PRJEB64125	Illumina NovaSeq 6000	C_cyan_NRM555398	GENOMIC	RANDOM	WGA	PAIRED	P21107_1065_S82_L002_R1_001.fastq.gz	97090b395d6ce28f805d8ab39d32d67f	P21107_1065_S82_L002_R2_001.fastq.gz	73e3034e0c917a6c795ea5043c3a4574
ERS15978816	PRJEB64125	Illumina NovaSeq 6000	C_cyan_NRM555398	GENOMIC	RANDOM	WGA	PAIRED	P21107_1071_S88_L002_R1_001.fastq.gz	a46011319280ebc22bb5d1325c0c2a12	P21107_1071_S88_L002_R2_001.fastq.gz	572b2b459832d2c478e3c21c35bb0ff1
ERS15978816	PRJEB64125	Illumina NovaSeq 6000	C_cyan_NRM555398	GENOMIC	RANDOM	WGA	PAIRED	P21107_1077_S94_L002_R1_001.fastq.gz	5d252df1a570eadce45c1a6ab31898c7	P21107_1077_S94_L002_R2_001.fastq.gz	3ec52b3dd6bafdd4d940057eaada486f
ERS15978816	PRJEB64125	Illumina NovaSeq 6000	C_cyan_NRM555398	GENOMIC	RANDOM	WGA	PAIRED	P21107_1083_S100_L002_R1_001.fastq.gz	5b6f76deb00125a51e2b084ea3c01754	P21107_1083_S100_L002_R2_001.fastq.gz	5e3ae6d062384cad65442fd099b4d6df
ERS15978817	PRJEB64125	Illumina NovaSeq 6000	C_cyan_NRM571034	GENOMIC	RANDOM	WGA	PAIRED	P21107_1066_S83_L002_R1_001.fastq.gz	533a84f235fe2e11e1b9f420edde01b0	P21107_1066_S83_L002_R2_001.fastq.gz	3d38090bacc5e906ba136c30f8d0a731
ERS15978817	PRJEB64125	Illumina NovaSeq 6000	C_cyan_NRM571034	GENOMIC	RANDOM	WGA	PAIRED	P21107_1072_S89_L002_R1_001.fastq.gz	98baeb50436e085f24c838544a8fa6ac	P21107_1072_S89_L002_R2_001.fastq.gz	13b8e77fcbb4acf5675d213aebbc76dd
ERS15978817	PRJEB64125	Illumina NovaSeq 6000	C_cyan_NRM571034	GENOMIC	RANDOM	WGA	PAIRED	P21107_1078_S95_L002_R1_001.fastq.gz	5fb90ca673a688c521c9233b614bd2ad	P21107_1078_S95_L002_R2_001.fastq.gz	4c41bb32a7f10013998caf8d1aa193e2
ERS15978817	PRJEB64125	Illumina NovaSeq 6000	C_cyan_NRM571034	GENOMIC	RANDOM	WGA	PAIRED	P21107_1084_S101_L002_R1_001.fastq.gz	1cf2d32e97f8be20862a4bb3f4680af6	P21107_1084_S101_L002_R2_001.fastq.gz	73f8d7e4f3c30d299b652dac809647a1
ERS15978818	PRJEB64125	Illumina NovaSeq 6000	C_cyan_NRM90183419	GENOMIC	RANDOM	WGA	PAIRED	P21107_1064_S81_L002_R1_001.fastq.gz	30beda31df83c8889b8c0ed7a07feaf7	P21107_1064_S81_L002_R2_001.fastq.gz	9e7f896e59c324578ccd9780f7e0d01a
ERS15978818	PRJEB64125	Illumina NovaSeq 6000	C_cyan_NRM90183419	GENOMIC	RANDOM	WGA	PAIRED	P21107_1070_S87_L002_R1_001.fastq.gz	7df4af03bbe8e18970a2ae368400de3b	P21107_1070_S87_L002_R2_001.fastq.gz	2b0549c274463978cb6125654628afaf
ERS15978818	PRJEB64125	Illumina NovaSeq 6000	C_cyan_NRM90183419	GENOMIC	RANDOM	WGA	PAIRED	P21107_1076_S93_L002_R1_001.fastq.gz	df67f35fe98f38049b85649f0deda5be	P21107_1076_S93_L002_R2_001.fastq.gz	7f909215d57ef93dd6ef01647fdc4f02
ERS15978818	PRJEB64125	Illumina NovaSeq 6000	C_cyan_NRM90183419	GENOMIC	RANDOM	WGA	PAIRED	P21107_1082_S99_L002_R1_001.fastq.gz	41dd28f625c67f7de459fa051ea62c7b	P21107_1082_S99_L002_R2_001.fastq.gz	b1557ef7adbe9e07e5e0c4b0853f5bc1
ERS15978819	PRJEB64125	Illumina NovaSeq 6000	C_cyan_R-10667_Belarus	GENOMIC	RANDOM	WGA	PAIRED	P20416_1006_S78_L004_R1_001.fastq.gz	f03d093be86e05264d349d24f120c5ed	P20416_1006_S78_L004_R2_001.fastq.gz	b0040814ede01899ac3efdd3641857de
ERS15978819	PRJEB64125	Illumina NovaSeq 6000	C_cyan_R-10667_Belarus	GENOMIC	RANDOM	WGA	PAIRED	P20416_1013_S85_L004_R1_001.fastq.gz	203da192d1ab92c339ba051624e37f5c	P20416_1013_S85_L004_R2_001.fastq.gz	b205154218fcd56582c2f6f60da6bcad
ERS15978819	PRJEB64125	Illumina NovaSeq 6000	C_cyan_R-10667_Belarus	GENOMIC	RANDOM	WGA	PAIRED	P20416_1020_S92_L004_R1_001.fastq.gz	ce4940c9b965d83149806542d06f8fa4	P20416_1020_S92_L004_R2_001.fastq.gz	e22278fd842db5a82a2ac963fc4dcd39
ERS15978819	PRJEB64125	Illumina NovaSeq 6000	C_cyan_R-10667_Belarus	GENOMIC	RANDOM	WGA	PAIRED	P20416_1027_S99_L004_R1_001.fastq.gz	24a94d2c0b05640de607282cbea3d125	P20416_1027_S99_L004_R2_001.fastq.gz	78f255a4117bd2a4b39f3cdac06d15ce
ERS15978820	PRJEB64125	Illumina NovaSeq 6000	C_cyan_R-84509	GENOMIC	RANDOM	WGA	PAIRED	P20416_1004_S76_L004_R1_001.fastq.gz	f62af999e18b8401b88e6c95d65d7329	P20416_1004_S76_L004_R2_001.fastq.gz	c498eaa909b12e8d20882203bc476a68
ERS15978820	PRJEB64125	Illumina NovaSeq 6000	C_cyan_R-84509	GENOMIC	RANDOM	WGA	PAIRED	P20416_1011_S83_L004_R1_001.fastq.gz	e57176f8a899da6f8512e278c762478d	P20416_1011_S83_L004_R2_001.fastq.gz	26a0c7ada4bbd2bd4c009ebb1fb4cf4f
ERS15978820	PRJEB64125	Illumina NovaSeq 6000	C_cyan_R-84509	GENOMIC	RANDOM	WGA	PAIRED	P20416_1018_S90_L004_R1_001.fastq.gz	33c829602a7bf81fdd09ca62f9c3f828	P20416_1018_S90_L004_R2_001.fastq.gz	d2fb1ec9df71f25e096b84f65b441e14
ERS15978820	PRJEB64125	Illumina NovaSeq 6000	C_cyan_R-84509	GENOMIC	RANDOM	WGA	PAIRED	P20416_1025_S97_L004_R1_001.fastq.gz	2eee31d4d0a573f87c701fe33c95cde7	P20416_1025_S97_L004_R2_001.fastq.gz	62484f0a6520438641d53c93cdaf586d
ERS15978821	PRJEB64125	Illumina NovaSeq 6000	C_cyan_R37233	GENOMIC	RANDOM	WGA	PAIRED	P20416_1007_S79_L004_R1_001.fastq.gz	733595b4118dd36cd510ae2641587374	P20416_1007_S79_L004_R2_001.fastq.gz	11821e093ae3cb5ef88b14771c216303
ERS15978821	PRJEB64125	Illumina NovaSeq 6000	C_cyan_R37233	GENOMIC	RANDOM	WGA	PAIRED	P20416_1014_S86_L004_R1_001.fastq.gz	a869d20c4bfa555e952f8764c812e399	P20416_1014_S86_L004_R2_001.fastq.gz	7c9a8519f34c7b2d05aeaa15ac419506
ERS15978821	PRJEB64125	Illumina NovaSeq 6000	C_cyan_R37233	GENOMIC	RANDOM	WGA	PAIRED	P20416_1021_S93_L004_R1_001.fastq.gz	a014783f68abe87f305589145f9a7c72	P20416_1021_S93_L004_R2_001.fastq.gz	41d04fe885defd45d54396207f0244c3
ERS15978821	PRJEB64125	Illumina NovaSeq 6000	C_cyan_R37233	GENOMIC	RANDOM	WGA	PAIRED	P20416_1028_S100_L004_R1_001.fastq.gz	7c6d1d9c96861fccc226e9ce87f09af9	P20416_1028_S100_L004_R2_001.fastq.gz	6a88a84e2314e3de17a241cc5037797f
ERS15978822	PRJEB64125	Illumina NovaSeq 6000	C_cyan_UWBM59700	GENOMIC	RANDOM	WGA	PAIRED	P15067_101_S70_L001_R1_001.fastq.gz	34c645f5273ff906ae3ee2e5451693af	P15067_101_S70_L001_R2_001.fastq.gz	7a59d6738db3a9ff6c7768f3464c3807
ERS15978823	PRJEB64125	Illumina NovaSeq 6000	C_cyan_UWBM59870	GENOMIC	RANDOM	WGA	PAIRED	P15067_105_S74_L001_R1_001.fastq.gz	6651bbca37fe5dc26ee09596c649699a	P15067_105_S74_L001_R2_001.fastq.gz	844dbbb7bc516191ac8231560587b76c
ERS15978824	PRJEB64125	Illumina NovaSeq 6000	C_cyan_UWBM67558	GENOMIC	RANDOM	WGA	PAIRED	P15067_102_S71_L001_R1_001.fastq.gz	74089c2c1efb3805b3a8436b639e1f9c	P15067_102_S71_L001_R2_001.fastq.gz	49bc7555ec688a1f9bd54197f7e30c69
ERS15978825	PRJEB64125	Illumina NovaSeq 6000	C_cyan_UWBM71045	GENOMIC	RANDOM	WGA	PAIRED	P15067_103_S72_L001_R1_001.fastq.gz	0b9f988b0661737ef910251143fbb7b5	P15067_103_S72_L001_R2_001.fastq.gz	16f9b072875d8c40cdd56978007e2671
ERS15978826	PRJEB64125	Illumina NovaSeq 6000	C_cyan_UWBM74931	GENOMIC	RANDOM	WGA	PAIRED	P15067_104_S73_L001_R1_001.fastq.gz	89071086e32a0d86d36209ead26f86ed	P15067_104_S73_L001_R2_001.fastq.gz	f925c2f5ea86787a44d7a0e76d688d93
ERS15978827	PRJEB64125	Illumina NovaSeq 6000	C_cyan_UWBM75044	GENOMIC	RANDOM	WGA	PAIRED	P15067_106_S75_L001_R1_001.fastq.gz	e8c7a1d44c665087b0d4dc9e79058f9b	P15067_106_S75_L001_R2_001.fastq.gz	40ceddc93237d9f284131ba7f540c6a2
